29 Palms,29P,
Adelanto,AD,
Aguanga,AGNA,
Alberhill,ALHL,
Alhambra,ALH,
Aliso Viejo,AV,
Alta Loma,ALTL,
Altadena,ALTA,
Alturas-Modoc County,ALT,
Anaheim,ANA,
Anaheim,ANA,
Anaheim,ANA,
Anaheim,ANA,
Anaheim,ANA,
Anaheim,ANA,
Anaheim Hills,AH,
Angeles Oaks,ANGO,
Anza,ANZA,
Apple Valley,APPV,
Arcadia,ARCD,
Arrowbear,AB,
Artesia,ART,
Azusa,AZU,
Bakersfield,BKSF,
Balboa,BLB,
Baldwin Park,BDPK,
Banning,BANN,
Barstow,BSTW,
Bassett,BST,
Beaumont,BMT,
Bell,BELL,
Bell,BELL,
Bell Gardens,BG,
Bell Gardens,BG,
Bellflower,BF,
Bellflower,BF,
Bellflower,BF,
Bellflower,BF,
Bermuda Dunes,BD,
Beverly Hills,BEVH,
Big Bear,BB,
Bloomington,BLM,
Blythe,BLY,
Bonsall,BNSL,
Borrega Springs,BSPG,
Bradbury,BRAD,
Brea,BREA,
Buena Park,BP,
Bullhead City,BULH,
Burbank,BBK,
Cabazon,CABA,
California City,CACY,
Calimesa,CALI,
Canyon Areas,CA,
Canyon Areas,CA,
Canyon Areas,CA,
Canyon Lake,CLK,
Carson,CARS,
Cathedral City,CC,
Cerritos,CER,
Cerritos,CER,
Cerritos,CER,
Cherry Valley,CHVL,
Chino,CH,
Chino Hills,CHH,
City of Industry,COI,
Claremont,CLAR,
Coachella,COA,
Colton,CLTN,
Commerce,COM,
Compton,CMP,
Compton,CMP,
Compton,CMP,
Compton,CMP,
Corona,COR,
Corona Del Mar,CDM,
Corona East,CRNE,
Costa Mesa,CM,
Costa Mesa,CM,
Costa Mesa,CM,
Costa Mesa,CM,
Costa Mesa,CM,
Coto De Caza,CDC,
Cottonwood Canyon,COTT,
County-Los Angeles,CO,
Covina,CVN,
Cowan Heights,COHT,
Crestline,CRLN,
Cudahy,CUD,
Culver City,CULV,
Cypress,CYP,
Cypress,CYP,
Cypress,CYP,
Dana Point,DP,
Dana Point,DP,
Dana Point,DP,
Dana Point,DP,
Dana Point,DP,
Desert Center,DCTR,
Desert Hot Springs,DHS,
Desert Shores,DS,
Devore,DEVO,
Diamond Bar,DB,
Downey,DOW,
Downey,DOW,
Downey,DOW,
Downey,DOW,
Downey,DOW,
Duarte,DUAR,
Eagle Rock,EAGL,
El Cerrito,ELCE,
El Monte,ELM,
El Segundo,ES,
Encino,ENC,
Fallbrook,FBRK,
Fontana,FONT,
Foreign Country,FC,
Forest Falls,FRFL,
Fountain Valley,FV,
Fountain Valley,FV,
French Valley,FRVL,
Fullerton,FUL,
Garden Grove,GG,
Garden Grove,GG,
Garden Grove,GG,
Garden Grove,GG,
Garden Grove,GG,
Garden Grove,GG,
Garden Grove,GG,
Garden Grove,GG,
Garden Grove,GG,
Garden Grove,GG,
Garden Grove,GG,
Garden Grove,GG,
Gardena,GR,
Garner Valley,GRVL,
Garnet,GARN,
Glen Avon,GAV,
Glen Helen,GLHL,
Glen Ivy,GLIV,
Glendale,GD,
Glendora,GLDR,
Goodhope,GDHP,
Grand Terrace,GRTR,
Hacienda Heights,HH,
Harbor City,HC,
Havasu City,HVCY,
Hawaiian Gardens,HG,
Hawaiian Gardens,HG,
Hawthorne,HAWT,
Hemet,HMT,
Hermosa Beach,HMB,
Hesperia,HSP,
Highgrove,HGRV,
Highland,HLND,
Highland Park,HDPK,
Hollydale,HLDL,
Hollywood,HLW,
Homeland,HOME,
Honolulu,HNLU,
Hornbrook,HNBK,
Huntington Beach,HB,
Huntington Beach,HB,
Huntington Beach,HB,
Huntington Beach,HB,
Huntington Park,HNPK,
Huntington Park,HNPK,
Huntington Park,HNPK,
Idyllwild,IWLD,
Indian Wells,IW,
Indio,IND,
Inglewood,ING,
Irvine,IR,
Irvine,IR,
Irvine,IR,
Irvine,IR,
Irvine,IR,
Irvine,IR,
Irvine,IR,
Irvine,IR,
Irvine,IR,
Irvine,IR,
Irvine,IR,
Irvine,IR,
Irvine,IR,
Irvine,IR,
Irvine,IR,
Irvine,IR,
Irwindale,IRW,
Joshua Tree,JT,
Juniper Flats,JFLT,
La Canada Flintridge,LCF,
La Crescenta,LACR,
La Habra,LH,
La Habra Heights,LHH,
La Mirada,LAM,
La Palma,LP,
La Puente,LPUE,
La Quinta,LQ,
La Sierra,LS,
La Verne,LVRN,
Ladera Heights,LADH,
Laguna Beach,LB,
Laguna Beach,LB,
Laguna Beach,LB,
Laguna Beach,LB,
Laguna Hills,LAGH,
Laguna Niguel,LN,
Laguna Niguel,LN,
Laguna Niguel,LN,
Laguna Niguel,LN,
Laguna Woods,LAGW,
Lake Arrowhead,LKAR,
Lake Elsinore,LKEL,
Lake Forest,LF,
Lake Forest,LF,
Lake Forest,LF,
Lake Forest,LF,
Lake Havasu,LHSU,
Lake Matthews,LKMA,
Lakewood,LW,
Lakewood,LW,
Lakewood,LW,
Lakewood,LW,
Lakewood,LW,
Lakewood,LW,
Lakewood,LW,
Lakewood,LW,
Lakewood,LW,
Lakewood,LW,
Lancaster,LNCR,
Landers,LNDR,
Lawndale,LAWN,
Lennox,LX,
Little Rock,LTLR,
Loma Linda,LOML,
Lomita,LOM,
Long Beach,LONG,
Long Beach,LONG,
Long Beach,LONG,
Long Beach,LONG,
Long Beach,LONG,
Long Beach,LONG,
Long Beach,LONG,
Long Beach,LONG,
Long Beach,LONG,
Long Beach,LONG,
Long Beach,LONG,
Long Beach,LONG,
Long Beach,LONG,
Long Beach,LONG,
Long Beach,LONG,
Long Beach,LONG,
Long Beach,LONG,
Long Beach,LONG,
Long Beach,LONG,
Long Beach,LONG,
Long Beach,LONG,
Long Beach,LONG,
Long Beach,LONG,
Long Beach,LONG,
Long Beach,LONG,
Long Beach,LONG,
Long Beach,LONG,
Long Beach,LONG,
Long Beach,LONG,
Long Beach,LONG,
Long Beach,LONG,
Long Beach,LONG,
Long Beach,LONG,
Los Alamitos,LOSA,
Los Alamitos,LOSA,
Los Angeles,LA,
Lynwood,LNWD,
Lytle Creek,LCRK,
Malibu,MLBU,
Manhattan Beach,MANH,
Marina Del Rey,MR,
Maywood,MW,
Mead Valley,MVLY,
Meadowbrook,MBRK,
Mecca,MEC,
Menifee,MENF,
Mentone,MENT,
Midway City,MC,
Midway City,MC,
Midway City,MC,
Mira Loma,MILO,
Mission Viejo,MV,
Mission Viejo,MV,
Mission Viejo,MV,
Mission Viejo,MV,
Monrovia,MNRO,
Montclair,MCLR,
Montebello,MTB,
Newport Coast,NC,
Norco,NORC,
North Hollywood,NHLW,
North Shore,NSH,
North Tustin,NTUS,
Norwalk,NWK,
Norwalk,NWK,
Norwalk,NWK,
Nuevo/Lakeview,NUEV,
Oak Glen,OAKG,
Oasis,OAS,
Ontario,ONT,
Orange,ORG,
Orange,ORG,
Orange Park Acres,OPA,
Ortega Mountain,ORTG,
Outside Area,OA,
Outside State,OS,
Palm Desert,PDST,
Palm Springs,PSPR,
Palmdale,PDL,
Palos Verdes Estates,PVE,
Palos Verdes Pen.Uninc,PVP,
Paramount,PAR,
Paramount,PAR,
Pasadena,PAS,
Pedley,PED,
Perris,PRS,
Phillips Ranch,PRCH,
Pico Rivera,PR,
Pine Cove,PNCV,
Pinyon Pines,PIN,
Placentia,PLA,
Playa Del Rey,PDLR,
Pomona,POM,
Quail Valley,QVLY,
Rainbow,RNBW,
Rancho California,RCA,
Rancho Cucamonga,RCUC,
Rancho Dominguez,RDOM,
Rancho Mirage,RM,
Rancho Palos Verdes,RPV,
Rancho Santa Margarita,RSM,
Rancho Santa margarita,RSM,
Rancho Santa Margarita,RSM,
Rancho Santa Margarita,RSM,
Rancho Santa margarita,RSM,
Rancho Santa Margarita,RSM,
Rancho Santa Margarita,RSM,
Redlands,REDL,
Redondo Beach,REDO,
Rialto,RLT,
Ridgecrest,RCR,
Riverside (City),RVSD,
Rolling Hills,RH,
Rolling Hills Estates,RHE,
Romoland,RMLD,
Romona,RMNA,
Rosemead,RSMD,
Rossmoor,ROSS,
Rowland Heights,ROW,
Rubidoux,RBDX,
Sage,SAGE,
Salton City,SALT,
San Bernardino (City),SB,
San Clemente,SC,
San Clemente,SC,
San Clemente,SC,
San Clemente,SC,
San Clemente,SC,
San Clemente,SC,
San Clemente,SC,
San Clemente,SC,
San Clemente,SC,
San Clemente,SC,
San Diego (City),SD,
San Dimas,SDMS,
San Fernando,SF,
San Gabriel,SGAB,
San Jacinto,SJCN,
San Juan Capistrano,SJ,
San Juan Capistrano,SJ,
San Juan Capistrano,SJ,
San Juan Capistrano,SJ,
San Juan Capistrano,SJ,
San Marino,SMRO,
San Pedro,SP,
Santa Ana,SA,
Santa Ana,SA,
Santa Ana,SA,
Santa Ana,SA,
Santa Ana,SA,
Santa Ana Heights,SAH,
Santa Ana Heights,SAH,
Santa Fe Springs,SFS,
Santa Fe Springs,SFS,
Santa Fe Springs,SFS,
Santa Fe Springs,SFS,
Seal Beach,SLB,
Seal Beach,SLB,
Seal Beach,SLB,
Seal Beach,SLB,
Seal Beach,SLB,
Sedco,SEDC,
Sequim,SMAD,
Sierra Madre,SEQM,
Signal Hill,SIGH,
Signal Hill,SIGH,
Sky Valley,SV,
South El Monte,SELM,
South Pasadena,SPAS,
Southgate,SOG,
Southgate,SOG,
Stanton,STAN,
Stanton,STAN,
Sugar Loaf,SGLF,
Sun City,SUNC,
Sunland,SUNL,
Sunnymead,SNMD,
Sunset Beach,SSB,
Surfside,SURF,
Temecula,TEM,
Temple City,TMPL,
Thermal,TH,
Thousand Palms,TP,
Torrance,TORR,
Tujunga,TUJ,
Tustin,TUS,
Tustin,TUS,
Unincorp,UNIC,
Unincorp,UNIC,
Upland,UPL,
Valley Center,VC,
Vernon,VERN,
Vernon,VERN,
Victor Valley,VTVL,
Villa Park,VP,
Vista,VST,
Walnut,WAL,
Walnut Park,WP,
Warner Springs,WSPR,
West Covina,WCOV,
Westchester,WS,
Westminster,WTM,
Westminster,WTM,
Westminster,WTM,
Westminster,WTM,
Westminster,WTM,
Westminster,WTM,
Westminster,WTM,
Whittier,WH,
Wilderville,WDVL,
Wildomar,WILD,
Wilmington,WILM,
Wilson Valley,WVLY,
Winchester,WINC,
Woodcrest,WOOD,
Yorba Linda,YL,
Yucaipa,YUCP,
Yucca Valley,YCCV,